{
  "cleaned_dataset": {
    "dataset_path": "/root/autodl-tmp/TTRV/outputs/physx_cleaned_options_v1/physxnet_mcq_verl_cleaned_options.json",
    "sidecar_path": "/root/autodl-tmp/TTRV/outputs/physx_cleaned_options_v1/physxnet_mcq_cleaned_options.jsonl",
    "predictions_jsonl": "/root/autodl-tmp/TTRV/outputs/physx_cleaned_options_v1/fixed_step0_caches/combined_validation_predictions_step0.jsonl",
    "cache_dir": "/root/autodl-tmp/TTRV/outputs/physx_cleaned_options_v1/fixed_step0_caches"
  },
  "overall_original_retained_step0": {
    "num_evaluated": 10572,
    "num_correct": 3551,
    "accuracy": 0.3358872493378736,
    "invalid_rate": 0.013999243284146803,
    "hit_max_response_length_rate": 0.03944381384790011
  },
  "overall_cleaned_step0": {
    "num_evaluated": 10572,
    "num_correct": 4204,
    "accuracy": 0.3976541808550889,
    "invalid_outputs": 115,
    "invalid_rate": 0.010877790389708665,
    "hit_max_response_length_outputs": 1057,
    "hit_max_response_length_rate": 0.09998108210367007,
    "prediction_distribution": {
      "D": 4112,
      "C": 2362,
      "B": 2058,
      "A": 1925,
      "unknown": 115
    },
    "confusion": {
      "A->A": 1280,
      "A->B": 140,
      "A->C": 344,
      "A->D": 859,
      "A->unknown": 31,
      "B->A": 211,
      "B->B": 1040,
      "B->C": 393,
      "B->D": 972,
      "B->unknown": 21,
      "C->A": 208,
      "C->B": 443,
      "C->C": 778,
      "C->D": 1175,
      "C->unknown": 36,
      "D->A": 226,
      "D->B": 435,
      "D->C": 847,
      "D->D": 1106,
      "D->unknown": 27
    }
  },
  "overall_delta_accuracy": 0.061766931517215296,
  "by_question_type": {
    "joint_type": {
      "original_retained_accuracy": 0.351392849309059,
      "cleaned_accuracy": 0.4190611976310594,
      "delta_accuracy": 0.06766834832200042,
      "original_retained_invalid_rate": 0.009980258828690502,
      "cleaned_invalid_rate": 0.007786795349857425,
      "delta_invalid_rate": -0.002193463478833077,
      "original_retained_hitmax_rate": 0.03301162535643781,
      "cleaned_hitmax_rate": 0.1060539592015793,
      "delta_hitmax_rate": 0.07304233384514149
    },
    "movable_part": {
      "original_retained_accuracy": 0.23865199449793673,
      "cleaned_accuracy": 0.26341127922971114,
      "delta_accuracy": 0.02475928473177441,
      "original_retained_invalid_rate": 0.039202200825309494,
      "cleaned_invalid_rate": 0.030261348005502064,
      "delta_invalid_rate": -0.00894085281980743,
      "original_retained_hitmax_rate": 0.07977991746905089,
      "cleaned_hitmax_rate": 0.061898211829436035,
      "delta_hitmax_rate": -0.017881705639614852
    }
  },
  "cleaned_metrics_by_question_type": {
    "joint_type": {
      "num_evaluated": 9118,
      "num_correct": 3821,
      "accuracy": 0.4190611976310594,
      "invalid_outputs": 71,
      "invalid_rate": 0.007786795349857425,
      "hit_max_response_length_outputs": 967,
      "hit_max_response_length_rate": 0.1060539592015793,
      "prediction_distribution": {
        "D": 3789,
        "C": 2187,
        "B": 1671,
        "A": 1400,
        "unknown": 71
      },
      "confusion": {
        "A->A": 1124,
        "A->B": 58,
        "A->C": 314,
        "A->D": 789,
        "A->unknown": 19,
        "B->A": 98,
        "B->B": 949,
        "B->C": 336,
        "B->D": 887,
        "B->unknown": 10,
        "C->A": 72,
        "C->B": 327,
        "C->C": 735,
        "C->D": 1100,
        "C->unknown": 25,
        "D->A": 106,
        "D->B": 337,
        "D->C": 802,
        "D->D": 1013,
        "D->unknown": 17
      }
    },
    "movable_part": {
      "num_evaluated": 1454,
      "num_correct": 383,
      "accuracy": 0.26341127922971114,
      "invalid_outputs": 44,
      "invalid_rate": 0.030261348005502064,
      "hit_max_response_length_outputs": 90,
      "hit_max_response_length_rate": 0.061898211829436035,
      "prediction_distribution": {
        "A": 525,
        "B": 387,
        "D": 323,
        "C": 175,
        "unknown": 44
      },
      "confusion": {
        "A->A": 156,
        "A->B": 82,
        "A->C": 30,
        "A->D": 70,
        "A->unknown": 12,
        "B->A": 113,
        "B->B": 91,
        "B->C": 57,
        "B->D": 85,
        "B->unknown": 11,
        "C->A": 136,
        "C->B": 116,
        "C->C": 43,
        "C->D": 75,
        "C->unknown": 11,
        "D->A": 120,
        "D->B": 98,
        "D->C": 45,
        "D->D": 93,
        "D->unknown": 10
      }
    }
  },
  "cleaned_by_cleaning_reason": {
    "joint_type_canonical_mutually_exclusive": {
      "num_evaluated": 9118,
      "num_correct": 3821,
      "accuracy": 0.4190611976310594,
      "invalid_outputs": 71,
      "invalid_rate": 0.007786795349857425,
      "hit_max_response_length_outputs": 967,
      "hit_max_response_length_rate": 0.1060539592015793,
      "prediction_distribution": {
        "D": 3789,
        "C": 2187,
        "B": 1671,
        "A": 1400,
        "unknown": 71
      },
      "confusion": {
        "A->A": 1124,
        "A->B": 58,
        "A->C": 314,
        "A->D": 789,
        "A->unknown": 19,
        "B->A": 98,
        "B->B": 949,
        "B->C": 336,
        "B->D": 887,
        "B->unknown": 10,
        "C->A": 72,
        "C->B": 327,
        "C->C": 735,
        "C->D": 1100,
        "C->unknown": 25,
        "D->A": 106,
        "D->B": 337,
        "D->C": 802,
        "D->D": 1013,
        "D->unknown": 17
      }
    },
    "movable_part_same_object_distractors": {
      "num_evaluated": 1454,
      "num_correct": 383,
      "accuracy": 0.26341127922971114,
      "invalid_outputs": 44,
      "invalid_rate": 0.030261348005502064,
      "hit_max_response_length_outputs": 90,
      "hit_max_response_length_rate": 0.061898211829436035,
      "prediction_distribution": {
        "A": 525,
        "B": 387,
        "D": 323,
        "C": 175,
        "unknown": 44
      },
      "confusion": {
        "A->A": 156,
        "A->B": 82,
        "A->C": 30,
        "A->D": 70,
        "A->unknown": 12,
        "B->A": 113,
        "B->B": 91,
        "B->C": 57,
        "B->D": 85,
        "B->unknown": 11,
        "C->A": 136,
        "C->B": 116,
        "C->C": 43,
        "C->D": 75,
        "C->unknown": 11,
        "D->A": 120,
        "D->B": 98,
        "D->C": 45,
        "D->D": 93,
        "D->unknown": 10
      }
    }
  },
  "cleaned_joint_by_original_conflict_reason": {
    "compound_prismatic_revolute_vs_single": {
      "num_evaluated": 5497,
      "num_correct": 2371,
      "accuracy": 0.4313261779152265,
      "invalid_outputs": 43,
      "invalid_rate": 0.007822448608331818,
      "hit_max_response_length_outputs": 572,
      "hit_max_response_length_rate": 0.10405675823176277,
      "prediction_distribution": {
        "D": 2300,
        "C": 1277,
        "B": 1029,
        "A": 848,
        "unknown": 43
      },
      "confusion": {
        "A->A": 695,
        "A->B": 33,
        "A->C": 165,
        "A->D": 473,
        "A->unknown": 14,
        "B->A": 55,
        "B->B": 598,
        "B->C": 200,
        "B->D": 539,
        "B->unknown": 7,
        "C->A": 42,
        "C->B": 208,
        "C->C": 434,
        "C->D": 644,
        "C->unknown": 12,
        "D->A": 56,
        "D->B": 190,
        "D->C": 478,
        "D->D": 644,
        "D->unknown": 10
      }
    },
    "hinge_vs_revolute": {
      "num_evaluated": 5293,
      "num_correct": 2325,
      "accuracy": 0.43925939920649915,
      "invalid_outputs": 48,
      "invalid_rate": 0.00906858114490837,
      "hit_max_response_length_outputs": 565,
      "hit_max_response_length_rate": 0.1067447572265256,
      "prediction_distribution": {
        "D": 2211,
        "C": 1236,
        "B": 964,
        "A": 834,
        "unknown": 48
      },
      "confusion": {
        "A->A": 688,
        "A->B": 36,
        "A->C": 186,
        "A->D": 436,
        "A->unknown": 13,
        "B->A": 51,
        "B->B": 592,