{
  "num_evaluated": 3322,
  "num_correct": 889,
  "accuracy": 0.2676098735701385,
  "invalid_outputs": 138,
  "hit_max_response_length_outputs": 252,
  "hit_max_response_length_rate": 0.07585791691751957,
  "response_token_len_mean": 13.313967489464178,
  "response_token_len_max": 24.0,
  "prediction_distribution": {
    "A": 1651,
    "B": 752,
    "C": 357,
    "D": 424,
    "unknown": 138
  },
  "ttrl_pseudo_label_distribution": {
    "none": 3322
  },
  "accuracy_by_question_type": {
    "movable_part": {
      "num_evaluated": 3322,
      "num_correct": 889,
      "invalid_outputs": 138,
      "accuracy": 0.2676098735701385
    }
  },
  "ttrv_metrics": {
    "num_groups": 3322,
    "mean_votes_per_group": 1.0,
    "response_accuracy": 0.2676098735701385,
    "acc_at_1": 0.2676098735701385,
    "majority_accuracy": 0.2676098735701385,
    "pass_at_votes": 0.2676098735701385,
    "best_accuracy_at_votes": 0.2676098735701385,
    "worst_accuracy_at_votes": 0.2676098735701385,
    "vote_invalid_rate": 0.041541240216736906,
    "group_invalid_rate": 0.041541240216736906,
    "frequency_mean": 1.0,
    "normalized_entropy_mean": 0.0,
    "raw_entropy_mean": -1.0000889005819e-12,
    "ttrv_reward_mean": -0.041541240216736906,
    "reward_mean": 0.2676098735701385,
    "unique_pred_ratio_mean": 1.0,
    "group_unknown_rate_mean": 0.0,
    "ttrl_majority_count_mean": 0.0,
    "ttrl_majority_ratio_mean": 0.0,
    "ttrl_majority_tie_mean": 0.0,
    "geo_harmony_hm_mean": 0.0,
    "geo_view_support_mean": 0.0,
    "geo_skipped_rate": 0.0
  },
  "ttrv_metrics_by_question_type": {
    "movable_part": {
      "num_groups": 3322,
      "mean_votes_per_group": 1.0,
      "response_accuracy": 0.2676098735701385,
      "acc_at_1": 0.2676098735701385,
      "majority_accuracy": 0.2676098735701385,
      "pass_at_votes": 0.2676098735701385,
      "best_accuracy_at_votes": 0.2676098735701385,
      "worst_accuracy_at_votes": 0.2676098735701385,
      "invalid_rate": 0.041541240216736906
    }
  },
  "predictions_jsonl": "/root/autodl-tmp/TTRV/outputs/20260525_geo_harmony_full_movable_part_step1_seed13_lr1e9_hm0p75/validation_predictions_step0.jsonl"
}